,C(=O)C,CC(=O)C,N,CN,C(=O)O,CC(=O)O,C#N,CC#N,C1CC1,CC1CC1,FCF,FC(F)C,C=C,CC=C,C1=CC=C(F)C=C1,CC1=CC=C(F)C=C1,O,CO,C(C)C,CC(C)C,OC,COC,C,CC,[N+](=O)[O-],C[N+](=O)[O-],C1=CC=C([N+](=O)[O-])C=C1,CC1=CC=C([N+](=O)[O-])C=C1,C(F)(F)F,CC(F)(F)F,c1ccc(cc1)O,Cc1ccc(cc1)O,C1=CC=CC=C1,CC1=CC=CC=C1,C1=CNC=C1,C1=C(C)NC=C1,Cc1ccccc1,Cc1ccc(C)cc1
molwt,44.02621499999998,58.04186500000003,17.026548999999992,31.042198999999993,46.005479,60.02112899999998,27.010899,41.026548999999996,42.046949999999995,56.06259999999998,52.01245700000001,66.02810699999999,28.03129999999999,42.046949999999995,96.03752800000002,110.05317800000003,18.010564999999993,32.026214999999986,44.06259999999999,58.07825000000001,32.026214999999986,46.041865000000016,16.031299999999995,30.04694999999999,45.99290299999999,61.016378000000024,123.03202800000003,137.04767799999996,70.00303499999998,84.01868499999999,94.04186499999999,108.05751499999998,78.04695,92.06259999999999,67.042199,81.05784900000002,92.06259999999999,106.07825000000001
molwt-hvy,40.021,52.03200000000001,14.007000000000003,26.018000000000008,44.00900000000001,56.01999999999999,26.018000000000008,38.029,36.03300000000001,48.04399999999998,50.006999999999984,62.01800000000002,24.02199999999999,36.03300000000001,91.06400000000002,103.07500000000003,15.998999999999999,28.009999999999994,36.03300000000001,48.04399999999998,28.009999999999994,40.021,12.010999999999996,24.02199999999999,46.00500000000001,58.015999999999984,118.07099999999997,130.08199999999994,69.005,81.016,88.06500000000003,100.076,72.06600000000002,84.077,62.051000000000016,74.06199999999998,84.077,96.08799999999997
e-valence,18.0,24.0,8.0,14.0,18.0,24.0,10.0,16.0,18.0,24.0,20.0,26.0,12.0,18.0,36.0,42.0,8.0,14.0,20.0,26.0,14.0,20.0,8.0,14.0,17.0,24.0,46.0,52.0,26.0,32.0,36.0,42.0,30.0,36.0,26.0,32.0,36.0,42.0
balabanj,3.7911179999999995,4.398991,2.32379,3.541196999999998,2.847379000000001,3.823377999999998,2.4755340000000006,3.5527340000000005,2.913119000000001,3.0907350000000005,3.023716,4.020392000000001,3.675949000000001,4.399515999999999,3.6035669999999986,3.680736000000002,1.6329929999999993,3.168489999999999,4.748409,5.542726000000002,3.168489999999999,3.7464179999999994,3.023716,4.020392000000001,2.187496,3.7911179999999995,3.682462999999999,3.773038999999999,3.023716,4.020392000000001,3.563758,3.6728180000000004,3.6035669999999986,3.680736000000002,3.436146000000001,3.4685119999999987,3.680736000000002,3.785533999999999
bertzct,82.18080899999998,124.05236800000004,8.0,53.590719000000014,42.91260899999999,94.70165799999997,26.264662999999985,75.77443799999999,105.85263800000001,197.58797499999994,23.119415,67.01955,55.61727099999999,125.72862400000001,230.2032250000001,379.7753320000001,2.7548880000000002,37.302969,120.39660999999998,165.593463,37.302969,76.21143299999996,19.119415,61.509775,10.264663,85.42592199999997,390.16827000000006,466.971181,22.364528000000007,67.509775,320.463093,394.3706069999999,226.3030899999999,375.42681600000003,184.79770599999998,310.132593,375.42681600000003,406.116876
ipc,17.086166,63.57980799999999,3.2451119999999998,17.086166,9.651484,35.647375999999994,2.7548880000000002,12.164796999999995,69.83326999999998,254.45807199999993,3.6096399999999993,21.306059,13.609640000000006,50.07031099999999,416.3143650000001,1235.8374230000004,2.7548880000000002,12.164796999999995,88.55198199999997,312.08051100000006,12.164796999999995,27.435741,3.6096399999999993,21.306059,2.7548880000000002,17.086166,971.5503879999998,2886.9872679999994,3.6096399999999993,21.306059,701.8677370000001,2085.2502820000004,416.3143650000001,1235.8374230000004,174.10266599999997,532.649695,1235.8374230000004,3673.145375
hk-alpha,-0.33,-0.33,-0.04,-0.04,-0.5300000000000002,-0.5300000000000002,-0.5099999999999999,-0.5099999999999999,0.0,0.0,-0.14000000000000007,-0.14000000000000007,-0.2599999999999999,-0.2599999999999999,-0.8499999999999998,-0.8499999999999998,-0.04,-0.04,0.0,0.0,-0.04,-0.04,0.0,0.0,-0.5999999999999998,-0.5999999999999998,-1.3799999999999994,-1.3799999999999994,-0.21,-0.21,-0.9800000000000003,-0.9800000000000003,-0.78,-0.78,-0.72,-0.72,-0.78,-0.78
hk-kappa1,0.23162100000000008,0.3480569999999999,0.00017499999999999994,0.050851999999999994,0.443274,0.505725,0.161141,0.27420700000000003,0.14814799999999997,0.25,0.6640750000000003,0.6709210000000001,0.042409000000000016,0.138474,1.312018,1.3506519999999997,0.00040000000000000013,0.073424,0.12000000000000005,0.21301799999999999,0.073424,0.17946399999999996,0.0,0.040816000000000005,2.399999999999999,0.6716049999999998,2.096777,2.051423,2.0538519999999996,1.4923630000000008,1.0500140000000004,1.1276910000000002,0.7384310000000002,0.83817,0.534682,0.641394,0.83817,0.9420020000000005
hk-kappa2,1.6700000000000004,1.0445320000000002,-27.040000000000006,0.9600000000000004,1.4699999999999998,0.8748579999999998,0.49000000000000016,1.4899999999999995,0.22222199999999995,0.4800000000000002,1.8599999999999997,1.2096500000000001,0.7400000000000001,1.7399999999999995,1.7349670000000001,1.948262,-27.040000000000006,0.9600000000000004,2.0,1.3333329999999999,0.9600000000000004,1.9600000000000006,0.0,0.0,1.3999999999999997,0.8166670000000001,2.2593339999999995,2.4731969999999994,1.148423,0.8800159999999999,1.6461960000000002,1.8646220000000002,1.6057689999999998,1.7832860000000004,0.9307990000000002,1.167541,1.7832860000000004,1.9937450000000003
hk-kappa3,1.6700000000000004,6.883958000000002,-104.03999999999998,-27.040000000000006,1.4699999999999998,1.1560090000000005,-4.470784000000001,1.4899999999999995,0.0,0.22222199999999995,1.8599999999999997,70.18653100000002,-6.106154000000002,1.7399999999999995,0.9995770000000004,1.0594029999999999,-104.03999999999998,-27.040000000000006,0.0,0.0,-27.040000000000006,1.9600000000000006,0.0,0.0,1.3999999999999997,0.6222219999999999,1.2528320000000004,1.3128400000000002,25.331950000000003,275.36369599999995,0.9290590000000002,0.9971089999999999,0.582399,1.0382639999999999,0.293364,0.4323389999999998,1.0382639999999999,1.0935369999999995
chi0,6.077349999999998,8.57735,3.5773500000000014,6.077349999999998,4.284457000000002,6.784457000000002,2.7071070000000006,5.207106999999998,7.5,10.0,4.5,7.0,5.154701000000001,7.654701000000002,9.464101999999999,11.964101999999999,2.7071070000000006,5.207106999999998,9.5,12.0,5.207106999999998,7.707106999999996,4.5,7.0,2.7071070000000006,6.077349999999998,11.041451999999998,13.541451999999994,4.5,7.0,10.171208000000004,12.671208000000004,9.464101999999999,11.964101999999999,7.886751000000003,10.386751000000002,11.964101999999999,14.464101999999999
chi1,2.943376,4.154701000000001,1.7320509999999996,2.943376,2.270056,3.481380000000001,1.4142139999999999,2.56066,3.75,5.0,2.0,3.25,2.6427340000000004,3.8540590000000003,5.464101999999998,6.675426000000002,1.4142139999999999,2.56066,4.5,5.75,2.56066,3.7071070000000006,2.0,3.25,1.4142139999999999,2.943376,6.374785000000002,7.586110000000001,2.0,3.25,6.002105999999999,7.213431,5.464101999999998,6.675426000000002,4.553418,5.764743,6.675426000000002,7.886751000000003
chi0n,5.4082479999999995,7.9082479999999995,3.4472140000000007,5.9472140000000016,3.3164969999999987,5.816496999999999,1.9472139999999998,4.447214,7.5,10.0,3.2559290000000014,5.755928999999999,5.0,7.5,8.377964000000002,10.877964000000002,2.408248,4.9082479999999995,9.5,12.0,4.9082479999999995,7.4082479999999995,4.5,7.0,1.26371,4.7637100000000006,9.263710000000001,11.763710000000001,2.633893,5.133893,9.408248,11.908248000000004,9.0,11.5,7.4472140000000016,9.947214000000002,11.5,14.0
chi1n,2.4541239999999998,3.7041239999999998,1.3416409999999996,2.6180340000000006,1.3164969999999996,2.5664969999999996,0.7236070000000001,1.9736070000000003,3.75,5.0,1.3779639999999997,2.627964,2.25,3.5,4.188982000000001,5.438982000000001,0.816497,2.112372,4.5,5.75,2.112372,3.408248,2.0,3.25,0.36514799999999986,2.088754999999999,4.588755000000001,5.838755000000001,1.0669470000000003,2.3169469999999994,4.612372,5.862371999999998,4.5,5.75,3.6444270000000003,4.894426999999999,5.75,7.0
chi2n,0.10206200000000004,0.3291240000000001,0.0,0.0,0.08333300000000003,0.287457,0.0,0.11180300000000004,0.375,0.625,0.07142899999999999,0.260411,0.0,0.125,0.9389819999999998,1.188982,0.0,0.0,0.125,0.375,0.0,0.10206200000000004,0.0,0.0,0.07453600000000002,0.25711,1.2307169999999998,1.4807169999999996,0.214286,0.4977590000000001,0.954124,1.204124,0.75,1.0,0.5854099999999999,0.8222140000000002,1.0,1.25
chi3n,0.0,0.0,0.0,0.0,0.0,0.0,0.0,0.0,0.125,0.25,0.0,0.0,0.0,0.0,0.4694909999999999,0.594491,0.0,0.0,0.0,0.0,0.0,0.0,0.0,0.0,0.0,0.0,0.6693779999999999,0.7943779999999999,0.0,0.0,0.477062,0.602062,0.375,0.5,0.28610699999999994,0.4045079999999999,0.5,0.625
chi4n,0.0,0.0,0.0,0.0,0.0,0.0,0.0,0.0,0.0,0.03125,0.0,0.0,0.0,0.0,0.23474599999999993,0.29724599999999995,0.0,0.0,0.0,0.0,0.0,0.0,0.0,0.0,0.0,0.0,0.33468899999999996,0.39718899999999996,0.0,0.0,0.238531,0.301031,0.1875,0.25,0.13975399999999996,0.19895499999999994,0.25,0.3125
chi0v,1.408248,1.908248,0.44721399999999983,0.9472140000000002,1.3164969999999996,1.8164969999999991,0.9472140000000002,1.4472140000000002,1.5,2.0,1.2559290000000005,1.7559290000000005,1.0,1.5,3.377963999999999,3.877963999999999,0.40824800000000017,0.9082480000000003,1.5,2.0,0.9082480000000003,1.408248,0.5,1.0,1.26371,1.76371,4.2637100000000006,4.7637100000000006,1.6338930000000003,2.133893,3.408248,3.908248,3.0,3.5,2.447214,2.947214,3.5,4.0
chi1v,0.45412400000000014,0.704124,0.0,0.22360699999999992,0.40824800000000017,0.6582480000000002,0.22360699999999992,0.4736070000000001,0.75,1.0,0.37796400000000013,0.6279640000000002,0.25,0.5,1.6889819999999995,1.9389819999999995,0.0,0.20412400000000008,0.5,0.75,0.20412400000000008,0.40824800000000017,0.0,0.25,0.36514799999999986,0.5887550000000001,2.088754999999999,2.338754999999999,0.5669469999999999,0.8169470000000003,1.704124,1.954124,1.5,1.75,1.1972140000000002,1.4472140000000002,1.75,2.0
chi2v,0.10206200000000004,0.3291240000000001,0.0,0.0,0.08333300000000003,0.287457,0.0,0.11180300000000004,0.375,0.625,0.07142899999999999,0.260411,0.0,0.125,0.9389819999999998,1.188982,0.0,0.0,0.125,0.375,0.0,0.10206200000000004,0.0,0.0,0.07453600000000002,0.25711,1.2307169999999998,1.4807169999999996,0.214286,0.4977590000000001,0.954124,1.204124,0.75,1.0,0.5854099999999999,0.8222140000000002,1.0,1.25
chi3v,0.0,0.0,0.0,0.0,0.0,0.0,0.0,0.0,0.125,0.25,0.0,0.0,0.0,0.0,0.4694909999999999,0.594491,0.0,0.0,0.0,0.0,0.0,0.0,0.0,0.0,0.0,0.0,0.6693779999999999,0.7943779999999999,0.0,0.0,0.477062,0.602062,0.375,0.5,0.28610699999999994,0.4045079999999999,0.5,0.625
chi4v,0.0,0.0,0.0,0.0,0.0,0.0,0.0,0.0,0.0,0.03125,0.0,0.0,0.0,0.0,0.23474599999999993,0.29724599999999995,0.0,0.0,0.0,0.0,0.0,0.0,0.0,0.0,0.0,0.0,0.33468899999999996,0.39718899999999996,0.0,0.0,0.238531,0.301031,0.1875,0.25,0.13975399999999996,0.19895499999999994,0.25,0.3125
logP,0.20520000000000002,0.5953,0.162,-0.4250999999999998,-0.2991999999999999,0.0909,0.13977999999999996,0.5298800000000001,1.1702999999999997,1.4163,0.8828999999999999,1.2714,0.8021999999999998,1.1922999999999997,1.8257000000000005,2.1341199999999994,-0.8247000000000001,-0.39149999999999996,1.4163,1.6623000000000006,-0.39149999999999996,0.26259999999999994,0.6361000000000001,1.0261999999999998,-0.4136,-0.1071,1.5947999999999996,1.9032200000000006,1.1785,1.5686,1.3922000000000003,1.7006200000000002,1.6865999999999994,1.99502,1.0146999999999995,1.3231199999999999,1.99502,2.3034400000000015
MR,11.738,16.354999999999997,5.0221,10.111400000000001,8.692800000000002,13.309799999999997,6.670000000000001,11.287000000000006,13.851,18.398,7.082999999999999,11.678,11.254,15.871000000000004,26.39999999999999,31.137,3.6137999999999995,8.142799999999996,15.965000000000002,20.512,8.142799999999996,12.932999999999995,6.730999999999998,11.348000000000004,8.868,12.918399999999998,33.09640000000001,37.8334,7.111999999999998,11.728999999999996,28.106800000000007,32.84379999999999,26.442000000000004,31.178999999999984,20.792700000000004,25.5297,31.178999999999984,35.916
rbonds,1.0,2.0,0.0,1.0,0.0,1.0,0.0,0.0,0.0,1.0,0.0,1.0,0.0,1.0,0.0,1.0,0.0,1.0,2.0,0.0,1.0,2.0,0.0,1.0,0.0,1.0,1.0,2.0,0.0,0.0,1.0,2.0,0.0,1.0,0.0,1.0,1.0,2.0
nheavy,3.0,4.0,1.0,2.0,3.0,4.0,2.0,3.0,3.0,4.0,3.0,4.0,2.0,3.0,7.0,8.0,1.0,2.0,3.0,4.0,2.0,3.0,1.0,2.0,3.0,4.0,9.0,10.0,4.0,5.0,7.0,8.0,6.0,7.0,5.0,6.0,7.0,8.0
tpsa,17.069999999999997,17.069999999999997,35.0,26.019999999999996,37.3,37.3,23.79,23.79,0.0,0.0,0.0,0.0,0.0,0.0,0.0,0.0,31.5,20.23,0.0,0.0,20.23,9.23,0.0,0.0,54.23000000000001,43.13999999999999,43.13999999999999,43.13999999999999,0.0,0.0,20.23,20.23,0.0,0.0,15.789999999999992,15.789999999999992,0.0,0.0
labuteASA,24.885597000000004,34.06047999999999,11.893309999999998,21.220106999999988,20.591617999999997,29.766501000000005,14.536800999999997,23.711683999999995,28.893126999999996,38.06801,19.880263000000006,29.055145999999993,20.034471999999997,29.209355000000002,48.62179100000001,57.796674000000024,9.832513000000002,19.240037,32.70889899999999,41.883782,19.240037,28.647561000000003,14.359132999999995,23.53401600000001,16.817313000000006,27.607138000000006,59.109231000000015,68.28411400000002,22.640828,31.81571100000001,50.74212999999999,59.91701299999999,45.861225999999995,55.036109,37.723473000000006,46.898356,55.036109,64.21099200000003
pbf,0.293365326,0.405426799,0.12970799699999996,0.333248515,0.15909481,0.34872665999999997,0.0,0.33166761499999997,0.626067341,0.630499168,0.382526191,0.5345259069999999,9.651e-06,0.22893927000000003,6.777e-06,0.137627219,0.0,0.346980784,0.528856459,0.5670123000000001,0.346987583,0.496800422,0.449635064,0.497100508,0.0,0.291188947,9.115999999999999e-06,0.121374938,0.483710861,0.558950861,0.11814871200000002,0.218313768,6.923e-06,0.137621823,6.0989999999999995e-06,0.158601993,0.13793908300000002,0.22801889899999997
pmi1,9.364472812,47.258624069,1.7248449520000002,5.043381333999999,7.01852079,46.086390132,0.000187121,3.301212485,24.737038524999996,32.654475092,10.460855947,54.41981258300001,3.4921256069999997,11.443127339,86.87949072800001,88.53074970499999,0.584932645,4.048038872,17.840215733,61.533974316,4.046963283,12.837830582999999,3.208918146,6.561256217,4.147210897,42.761990676,125.740538408,128.44122443100002,51.391033538,97.438664064,86.642771623,88.8740142,85.43190239199998,88.533692297,52.746202778000004,58.364516331,88.57899635199999,91.457178609
pmi2,47.796256924,59.73704471600001,1.807552195,21.599586848999998,44.95084,55.857899692000004,11.412437724,54.832637067,25.383985180000003,78.240648189,49.730442227,57.914741171,16.377051061,51.320692754999996,198.180955216,355.305368735,1.318487071,19.801899897,57.08371205500001,65.423913398,19.804779310999997,48.86417697499999,3.2902576600000004,24.698773022,41.340095526,51.862777458,404.12253580099997,631.0251198430001,53.534475568000005,100.215201135,196.351571858,348.738153471,88.818795532,197.912163375,56.005187064,143.40616621599997,197.897134132,346.304409188
pmi3,53.831244979000004,100.35114035100001,2.9343823789999997,22.778769279,50.948936106000005,97.55134178499999,11.412624869,54.923861753000004,39.799322957,88.671880335,56.901194381,100.401358513,19.869176611,59.443798536,285.060445938,440.55518979,1.903419701,20.553264319,65.087904372,108.605443568,20.555360564,55.093358052000006,3.3566805730000007,24.866633038,45.487306403999995,91.30828987099999,529.863074127,756.179683305,96.330233522,102.726759762,281.708363648,433.000241497,174.25069792899998,283.158940162,108.751389844,198.457564296,283.18912026500004,431.18134357200006
npr1,0.17411000000000001,0.47094895,0.5880412390000002,0.221413114,0.137858338,0.472451103,1.6375999999999994e-05,0.060109695000000005,0.621548113,0.368319835,0.183916816,0.54205439,0.175804638,0.192583835,0.30480683599999997,0.200972681,0.30730861,0.196951402,0.27434827999999994,0.5665885860000001,0.19687912899999999,0.23320321100000002,0.956072788,0.263866884,0.09125968000000001,0.468346431,0.23733034700000002,0.169877737,0.5335242920000001,0.948555104,0.30758792400000007,0.205267456,0.490278599,0.31268361400000005,0.48501911,0.294121467,0.312809069,0.212127852
npr2,0.887764136,0.5952679590000001,0.61622284,0.9482337009999999,0.8821963580000001,0.572595525,0.9999836240000001,0.998339199,0.6377910039999999,0.882381344,0.873916127,0.5769070900000001,0.824195367,0.8632791710000001,0.695193164,0.8064747609999999,0.6926913899999999,0.963454652,0.87682599,0.6025060510000001,0.963496103,0.886772666,0.980291969,0.99325546,0.9087403199999999,0.567978921,0.7626696529999999,0.8344689200000001,0.555743801,0.975625504,0.696978562,0.8053841580000001,0.509721401,0.6989246330000001,0.51498089,0.722574288,0.6987981919999999,0.8031337900000001
rg,1.122352969,1.3360372500000002,0.435719368,0.891972571,1.0573555230000002,1.2888005349999998,0.649821689,1.173431913,1.0336369239999998,1.333563765,1.060825174,1.2690075980000002,0.841558753,1.204991028,1.72224854,2.003781789,0.32504751299999995,0.832394035,1.2599415239999998,1.423496699,0.8324305179999999,1.125857986,0.5542256139999999,0.9660534719999999,0.994335416,1.234107152,2.0745842590000003,2.3507241469999998,1.198852122,1.3368314030000001,1.732082292,2.006331394,1.493558379,1.758101978,1.273161564,1.5706428129999999,1.758196061,2.0229346390000003
isf,0.09501609600000001,0.012613627,0.357303647,0.18810395300000002,0.12620248,0.012440689000000001,3281.931786647,0.302470004,0.025785191,0.027028688000000002,0.08362447599999999,0.010605073999999999,0.23616635400000002,0.07551667599999999,0.008005091,0.009111294,1.190810255,0.23817099200000003,0.049267461,0.009796236,0.23824661400000002,0.06926550299999999,0.30551949,0.151405441,0.22025769399999998,0.013295766,0.006066451,0.006497785999999999,0.010815847000000002,0.010013956000000001,0.008046881,0.009063449999999999,0.005967385,0.007896153,0.009765255,0.012383136000000001,0.007890949,0.008782878999999999
eccentricity,0.984673499,0.8820275260000001,0.8085391840000001,0.975161951,0.990407413,0.881236012,1.0,0.9981913499999999,0.783353997,0.929659579,0.982916203,0.840306485,0.984410176,0.981251489,0.952390905,0.9795902169999999,0.95140265,0.980401889,0.9614886460000001,0.8239715679999999,0.9804162780000001,0.97232023,0.290144952,0.96455229,0.9958004989999999,0.883448406,0.971420793,0.985460499,0.845755932,0.31550303100000004,0.951500226,0.978700557,0.871553521,0.9498435089999999,0.8744877270000001,0.9557530430000001,0.949801064,0.977235587
asphericity,0.566685316,0.21560405,0.131516233,0.48330654200000006,0.642942267,0.22574217200000002,0.999950873,0.832470826,0.107669877,0.26746858500000004,0.5470421209999999,0.17384145999999998,0.565393049,0.530343549,0.364421865,0.5174411569999999,0.362461586,0.528730534,0.39162383999999995,0.14771757700000002,0.528869285,0.457958794,0.000769609,0.421631933,0.7513637270000001,0.231512965,0.457031254,0.576610087,0.19044222400000002,0.0010231849999999998,0.359896518,0.509398685,0.250332171,0.35208804299999996,0.25073682199999997,0.373220913,0.35195035,0.496817329
spherocity,0.365379505,0.332215914,0.09032437099999999,0.42391262900000004,0.07857666399999999,0.27849566,0.0,0.425482442,0.756151568,0.5871295639999999,0.784094833,0.6181386160000001,1e-08,0.20232432400000003,0.0,0.060740595999999994,0.0,0.56067088,0.478759506,0.45356604,0.5609322159999999,0.40656426999999995,0.956478945,0.616880682,0.0,0.344671788,0.0,0.042967138999999994,0.7972594879999999,0.6817559479999998,0.022317451,0.06660733099999999,0.0,0.06225122,0.0,0.085477056,0.062231918,0.079405142
pc+,0.3124609999999999,0.31226799999999993,0.34392600000000006,0.352771,0.7397910000000002,0.7342539999999999,0.20196699999999995,0.19865800000000003,0.15991800000000006,0.20768400000000004,0.42837199999999986,0.42529000000000017,0.21262200000000003,0.245501,0.440442,0.4626660000000003,0.4115099999999999,0.3996300000000001,0.19032900000000005,0.2390979999999999,0.3996300000000001,0.3879279999999999,0.07755799999999999,0.13652500000000004,0.38721099999999997,0.529675,0.6892610000000001,0.7120080000000003,0.522672,0.514545,0.727613,0.7498360000000002,0.3736110000000001,0.3958190000000001,0.4570930000000002,0.47586499999999976,0.3958190000000001,0.4180260000000002
pc-,-0.3124609999999999,-0.31226799999999993,-0.34392600000000006,-0.352771,-0.7397910000000002,-0.7342539999999999,-0.20196699999999995,-0.19865800000000003,-0.15991800000000006,-0.20768400000000004,-0.42837199999999986,-0.42529000000000017,-0.21262200000000003,-0.245501,-0.440442,-0.4626660000000003,-0.4115099999999999,-0.3996300000000001,-0.19032900000000005,-0.2390979999999999,-0.3996300000000001,-0.3879279999999999,-0.07755799999999999,-0.13652500000000004,-0.38721099999999997,-0.529675,-0.6892610000000001,-0.7120080000000003,-0.522672,-0.514545,-0.727613,-0.7498360000000002,-0.3736110000000001,-0.3958190000000001,-0.4570930000000002,-0.47586499999999976,-0.3958190000000001,-0.4180260000000002
rpc+,0.3725439999999999,0.404357,0.333333,0.334771,0.4000719999999998,0.4081479999999999,0.7714309999999999,0.295557,0.16666699999999995,0.14437800000000006,0.533461,0.5535680000000001,0.25,0.23080800000000007,0.2786,0.26526,0.5,0.524559,0.13707200000000003,0.12304200000000004,0.524559,0.13652500000000004,0.25,0.16666699999999995,1.0,0.36625800000000003,0.39015899999999987,0.37772200000000006,0.724404,0.7500230000000001,0.40281300000000003,0.3908750000000001,0.16666699999999995,0.158026,0.3616559999999999,0.3479419999999999,0.158026,0.14965500000000004
rpc-,0.9720119999999998,0.9618140000000003,1.0,0.9447170000000004,0.653518,0.6556770000000002,1.0,1.0,0.333333,0.30098299999999995,0.5,0.4958030000000002,0.5,0.4210219999999999,0.4700110000000002,0.4474330000000001,1.0,1.0,0.34490499999999985,0.263646,1.0,1.0,1.0,0.5,0.5,0.5,0.3747629999999999,0.36279000000000006,0.333333,0.333333,0.698128,0.6774369999999998,0.16666699999999995,0.15726599999999996,0.8042929999999999,0.767482,0.15726599999999996,0.141289
vsa+,11.745247000000004,14.007796000000006,4.235526,6.935959999999997,9.250231,18.364673000000003,7.918948,17.033389000000003,8.224551000000002,10.966068000000003,9.621981000000002,11.884531000000003,5.483034000000002,8.224552000000001,12.671014000000003,15.412531,2.8623989999999995,12.581427999999995,10.966068000000003,13.707585999999994,12.581427999999995,22.300455999999997,5.483034000000002,8.224551000000002,5.3401900000000015,16.011414000000002,29.549327,32.290844,8.026025000000002,17.140467000000005,14.034504999999998,16.776022000000005,8.224551000000002,10.966069000000003,19.240665999999997,21.503217,10.966069000000003,13.707584999999996
vsa-,11.646429000000003,18.498320999999997,6.129621000000001,12.695544000000003,9.903345,9.903345,5.261892000000001,5.261892000000001,19.118775000000003,25.4917,8.780829999999998,15.632722,13.062077999999998,19.435003000000002,34.602508,40.97543399999999,5.480752999999999,5.108807999999997,20.076708999999994,26.449634000000003,5.108807999999997,4.736863,7.330859000000003,13.703784000000006,10.114317999999999,10.114317999999999,28.24157400000001,34.61449900000001,13.171245,13.171245,35.320901,41.69382700000001,36.25451199999999,42.627437,17.061839999999997,23.913732999999997,42.627437,49.000362
vsa-polar+,0.0,0.0,0.0,0.0,7.879471999999996,7.400504999999998,0.0,0.0,0.0,0.0,6.880464000000003,6.401495999999997,0.0,0.0,0.0,0.0,2.8623989999999995,1.4312000000000002,0.0,0.0,1.4312000000000002,0.0,0.0,0.0,5.3401900000000015,0.0,5.687386000000002,5.687386000000002,6.6552659999999975,6.176299000000001,1.4312000000000002,1.4312000000000002,0.0,0.0,0.0,0.0,0.0,0.0
vsa-polar-,4.794537,4.794537,6.129621000000001,5.719717000000002,9.903345,9.903345,5.261892000000001,0.0,0.0,0.0,8.780829999999998,8.780829999999998,0.0,0.0,4.390414999999999,4.390414999999999,5.480752999999999,5.108807999999997,0.0,0.0,5.108807999999997,4.736863,0.0,0.0,0.0,10.114317999999999,10.114317999999999,10.114317999999999,0.0,0.0,5.108807999999997,5.108807999999997,0.0,0.0,4.977002999999999,4.977002999999999,0.0,0.0
vsa-hyd,18.597139,27.71158000000001,4.235526,13.911787000000002,1.3707589999999998,10.964168,7.918948,22.295280999999992,27.343325999999994,36.457767999999994,2.741517000000001,12.334926999999997,18.545112,27.659555000000008,42.883107,51.99755000000002,0.0,11.150227999999998,31.042777,40.15722000000001,11.150227999999998,22.300455999999997,12.813893000000006,21.928335000000004,10.114317999999999,16.011414000000002,41.98919699999999,51.103639,14.542003999999997,24.135412999999993,42.815397999999995,51.92984100000001,44.479063,53.59350600000002,31.325503000000012,40.43994699999999,53.59350600000002,62.70794699999999
vsa-polar,0.204968,0.14749600000000002,0.5913679999999999,0.29135400000000006,0.9284329999999998,0.612135,0.39920799999999984,0.0,0.0,0.0,0.8510270000000002,0.5517380000000001,0.0,0.0,0.092873,0.07786099999999999,1.0,0.36969600000000014,0.0,0.0,0.36969600000000014,0.17519699999999996,0.0,0.0,0.34554300000000004,0.3871399999999999,0.27342900000000003,0.23618000000000003,0.3139680000000001,0.2037589999999999,0.13250800000000004,0.111853,0.0,0.0,0.13709799999999997,0.10958500000000003,0.0,0.0
vsa-fpos,0.5021120000000001,0.4309279999999998,0.40863199999999994,0.3533080000000001,0.48295099999999996,0.649663,0.600792,0.7639910000000002,0.3007879999999999,0.3007879999999999,0.5228539999999998,0.43189399999999983,0.295659,0.2973489999999999,0.268036,0.27333,0.3430840000000001,0.7112070000000001,0.35325700000000004,0.34134799999999993,0.7112070000000001,0.8248029999999996,0.4278979999999999,0.3750650000000001,0.34554300000000004,0.6128599999999997,0.5113149999999999,0.4826350000000001,0.378635,0.565473,0.284356,0.2869169999999999,0.18490800000000004,0.20461600000000005,0.5300089999999998,0.4734619999999999,0.20461600000000005,0.21859399999999996
vsa-fneg,0.49788799999999994,0.5690720000000001,0.5913679999999999,0.646692,0.517049,0.350337,0.39920799999999984,0.23600900000000005,0.6992119999999998,0.6992119999999998,0.4771460000000001,0.5681060000000001,0.704341,0.702651,0.7319639999999997,0.7266700000000001,0.6569159999999999,0.288793,0.6467430000000001,0.658652,0.288793,0.17519699999999996,0.5721019999999999,0.6249349999999999,0.6544570000000001,0.3871399999999999,0.48868500000000004,0.5173649999999999,0.6213650000000003,0.43452700000000005,0.7156439999999997,0.7130829999999997,0.8150920000000001,0.7953840000000001,0.4699910000000001,0.5265380000000002,0.7953840000000001,0.7814060000000002
vsa-fppos,0.0,0.0,0.0,0.0,0.411384,0.26179799999999986,0.0,0.0,0.0,0.0,0.37388099999999996,0.23263599999999995,0.0,0.0,0.0,0.0,0.3430840000000001,0.08090299999999996,0.0,0.0,0.08090299999999996,0.0,0.0,0.0,0.34554300000000004,0.0,0.09841300000000001,0.08500599999999998,0.3139680000000001,0.2037589999999999,0.02899800000000001,0.024478000000000003,0.0,0.0,0.0,0.0,0.0,0.0
vsa-fpneg,0.204968,0.14749600000000002,0.5913679999999999,0.29135400000000006,0.517049,0.350337,0.39920799999999984,0.0,0.0,0.0,0.4771460000000001,0.3191030000000001,0.0,0.0,0.092873,0.07786099999999999,0.6569159999999999,0.288793,0.0,0.0,0.288793,0.17519699999999996,0.0,0.0,0.0,0.3871399999999999,0.17501599999999995,0.151174,0.0,0.0,0.10351099999999996,0.08737499999999998,0.0,0.0,0.13709799999999997,0.10958500000000003,0.0,0.0
vsa-fhyd,0.7950319999999997,0.8525039999999998,0.40863199999999994,0.7086460000000001,0.071567,0.38786499999999996,0.600792,1.0,1.0,1.0,0.14897299999999997,0.4482619999999999,1.0,1.0,0.9071269999999995,0.9221389999999998,0.0,0.6303039999999999,1.0,1.0,0.6303039999999999,0.8248029999999996,1.0,1.0,0.6544570000000001,0.6128599999999997,0.726571,0.7638200000000003,0.6860320000000002,0.7962410000000001,0.8674920000000002,0.8881469999999999,1.0,1.0,0.862902,0.8904150000000004,1.0,1.0
hdonors,,0.0,,1.0,,1.0,,0.0,,0.0,,0.0,,0.0,,0.0,,1.0,,0.0,,0.0,,0.0,,0.0,,0.0,,0.0,,1.0,,0.0,,1.0,,0.0
hacceptors,,1.0,,1.0,,2.0,,1.0,,0.0,,0.0,,0.0,,0.0,,1.0,,0.0,,1.0,,0.0,,2.0,,2.0,,0.0,,1.0,,0.0,,0.0,,0.0
